"DESCRIPTION","DURATION IN MS","NAME","PARENT SUITE","START TIME","STATUS","STOP TIME","SUB SUITE","SUITE","TEST CLASS","TEST METHOD"
"","4333","Login com credenciais válidas","","2026-08-18","passed","2026-08-18","","Login","",""
"","4162","Buscar por um produto existente","","2026-08-18","passed","2026-08-18","","Busca de produtos","",""
"","203","Validar o tipo da ação consultada","","2026-08-18","passed","2026-08-18","","Consulta de ação no Trello","",""
"","198","Validar a identificação da ação consultada","","2026-08-18","passed","2026-08-18","","Consulta de ação no Trello","",""
"","3906","Adicionar um produto ao carrinho","","2026-08-18","passed","2026-08-18","","Carrinho de compras","",""
"","2846","Buscar produto utilizando combinação de letras maiúsculas e minúsculas","","2026-08-18","passed","2026-08-18","","Busca de produtos","",""
"","3167","Buscar por parte do nome de um produto existente","","2026-08-18","passed","2026-08-18","","Busca de produtos","",""
"","2990","Buscar por um produto inexistente","","2026-08-18","passed","2026-08-18","","Busca de produtos","",""
"","251","Consultar os dados de uma ação existente","","2026-08-18","passed","2026-08-18","","Consulta de ação no Trello","",""
"","8624","Produto adicionado ao carrinho deve refletir na tela de pagamento","","2026-08-18","passed","2026-08-18","","Checkout","",""
"","279","Consultar uma ação inexistente","","2026-08-18","passed","2026-08-18","","Consulta de ação no Trello","",""
"","186","Validar o formato da resposta da ação","","2026-08-18","passed","2026-08-18","","Consulta de ação no Trello","",""
"","248","Validar o contrato da ação consultada","","2026-08-18","passed","2026-08-18","","Consulta de ação no Trello","",""
"","3666","Remover produto do carrinho","","2026-08-18","passed","2026-08-18","","Carrinho de compras","",""
"","180","Validar os dados relacionados à ação","","2026-08-18","passed","2026-08-18","","Consulta de ação no Trello","",""
"","2231","Tentativa de login com credenciais inválidas","","2026-08-18","passed","2026-08-18","","Login","",""
